{
  "total_experiments": 9,
  "success_rate": 1.0,
  "avg_validation_score": 90.33333333333333,
  "avg_execution_time": 9.610544628567165,
  "avg_tokens_used": 1969.7777777777778,
  "avg_reasoning_steps": 7.333333333333333,
  "framework_stats": {
    "react": {
      "success_rate": 1.0,
      "avg_validation_score": 83.0,
      "avg_execution_time": 7.376734336217244,
      "avg_tokens_used": 1525.6666666666667,
      "avg_reasoning_steps": 3.3333333333333335
    },
    "cot": {
      "success_rate": 1.0,
      "avg_validation_score": 92.0,
      "avg_execution_time": 11.201802571614584,
      "avg_tokens_used": 2266.0,
      "avg_reasoning_steps": 2.6666666666666665
    },
    "tot": {
      "success_rate": 1.0,
      "avg_validation_score": 96.0,
      "avg_execution_time": 10.253096977869669,
      "avg_tokens_used": 2117.6666666666665,
      "avg_reasoning_steps": 16.0
    }
  },
  "task_type_stats": {
    "code_generation": {
      "success_rate": 1.0,
      "avg_validation_score": 100.0,
      "avg_execution_time": 8.247098684310913,
      "avg_tokens_used": 1901.6666666666667
    },
    "itinerary_planning": {
      "success_rate": 1.0,
      "avg_validation_score": 100.0,
      "avg_execution_time": 12.170393466949463,
      "avg_tokens_used": 2290.3333333333335
    },
    "procedure_structuring": {
      "success_rate": 1.0,
      "avg_validation_score": 71.0,
      "avg_execution_time": 8.414141734441122,
      "avg_tokens_used": 1717.3333333333333
    }
  }
}