{
  "total_experiments": 9,
  "success_rate": 1.0,
  "avg_validation_score": 92.0,
  "avg_execution_time": 12.413921250237358,
  "avg_tokens_used": 2342.777777777778,
  "avg_reasoning_steps": 8.222222222222221,
  "framework_stats": {
    "react": {
      "success_rate": 1.0,
      "avg_validation_score": 83.0,
      "avg_execution_time": 11.478292544682821,
      "avg_tokens_used": 1910.6666666666667,
      "avg_reasoning_steps": 3.6666666666666665
    },
    "cot": {
      "success_rate": 1.0,
      "avg_validation_score": 97.0,
      "avg_execution_time": 12.046862761179606,
      "avg_tokens_used": 2475.6666666666665,
      "avg_reasoning_steps": 6.666666666666667
    },
    "tot": {
      "success_rate": 1.0,
      "avg_validation_score": 96.0,
      "avg_execution_time": 13.71660844484965,
      "avg_tokens_used": 2642.0,
      "avg_reasoning_steps": 14.333333333333334
    }
  },
  "task_type_stats": {
    "code_generation": {
      "success_rate": 1.0,
      "avg_validation_score": 100.0,
      "avg_execution_time": 10.626871029535929,
      "avg_tokens_used": 2206.6666666666665
    },
    "itinerary_planning": {
      "success_rate": 1.0,
      "avg_validation_score": 100.0,
      "avg_execution_time": 18.00325036048889,
      "avg_tokens_used": 2937.3333333333335
    },
    "procedure_structuring": {
      "success_rate": 1.0,
      "avg_validation_score": 76.0,
      "avg_execution_time": 8.611642360687256,
      "avg_tokens_used": 1884.3333333333333
    }
  }
}